{
  "description": "LQR gain matrix K for full-state feedback rocket controller",
  "state_order": [
    "x",
    "xdot",
    "y",
    "ydot",
    "theta",
    "thetadot"
  ],
  "control_order": [
    "thrust",
    "alpha"
  ],
  "reference_state_setpoint": [
    0.0,
    0.0,
    10.0,
    0.0,
    0.0,
    0.0
  ],
  "dimensions": {
    "K_matrix": [
      2,
      6
    ],
    "format": "row-major (2x6)"
  },
  "k_matrix": [
    [
      -4.885861351342487e-16,
      -6.825233935615519e-16,
      7.071067811865474,
      4.91346472702623,
      -6.176264076169056e-16,
      3.735774782581642e-17
    ],
    [
      3.1622776601683333,
      2.169040430362184,
      -6.065734640763039e-15,
      -2.2978004167837146e-15,
      5.74640621053175,
      0.5996631464980735
    ]
  ],
  "system_parameters": {
    "mass_kg": 1.0,
    "length_m": 0.5,
    "length_half_m": 0.25,
    "gravity_mps2": 9.81,
    "inertia_kg_m2": 0.020833333333333332
  }
}